TS_Pcode,RHC_Code,SRHC_Code,Village_Pcode,CHWAMW,HW_ID,HW_Name,HW_Sex,JanJun2016,JulDec2016,JanJun2017,JulDec2017,JanJun2018,JulDec2018,CCM_Trained,CBNBC_Trained,DualFunctioning,VRS_Trained
MMR014004,1,1,201290,CHW,14004004,Name 1,Male,FALSE,FALSE,TRUE,TRUE,TRUE,TRUE,TRUE,FALSE,FALSE,TRUE
MMR014004,1,1,201291,CHW,14004005,Name 2,Male,TRUE,TRUE,FALSE,FALSE,FALSE,FALSE,TRUE,FALSE,FALSE,TRUE
MMR014004,1,1,201293,CHW,14004006,Name 3,Male,FALSE,FALSE,FALSE,FALSE,FALSE,FALSE,TRUE,FALSE,FALSE,TRUE
MMR014004,1,1,600006,AMW,14004001,Name 4,Female,FALSE,FALSE,TRUE,TRUE,TRUE,TRUE,FALSE,TRUE,FALSE,TRUE
MMR014004,1,1,600009,AMW,14004002,Name 5,Female,FALSE,FALSE,TRUE,TRUE,TRUE,TRUE,FALSE,TRUE,FALSE,TRUE
MMR014004,1,1,600011,AMW,14004003,Name 6,Female,FALSE,FALSE,FALSE,FALSE,FALSE,FALSE,FALSE,TRUE,FALSE,TRUE
MMR014004,1,1,600012,AMW,14004007,Name 7,Female,TRUE,TRUE,TRUE,TRUE,TRUE,TRUE,FALSE,TRUE,FALSE,TRUE
MMR014004,1,1,600012,CHW,14004008,Name 8,Male,FALSE,FALSE,TRUE,TRUE,TRUE,TRUE,TRUE,FALSE,FALSE,TRUE
MMR014004,1,2,201288,AMW,14004011,Name 9,Female,FALSE,FALSE,FALSE,FALSE,FALSE,FALSE,FALSE,TRUE,FALSE,TRUE
MMR014004,1,2,201288,CHW,14004012,Name 10,Male,FALSE,FALSE,TRUE,TRUE,TRUE,TRUE,TRUE,FALSE,FALSE,TRUE
MMR014004,1,2,201320,CHW,14004010,Name 11,Male,TRUE,TRUE,TRUE,TRUE,TRUE,TRUE,TRUE,FALSE,FALSE,TRUE
MMR014004,1,2,600015,AMW,14004009,Name 12,Female,FALSE,FALSE,TRUE,TRUE,TRUE,TRUE,FALSE,TRUE,FALSE,TRUE
MMR014004,1,3,201226,AMW,14004013,Name 13,Female,FALSE,FALSE,TRUE,TRUE,TRUE,TRUE,FALSE,TRUE,FALSE,TRUE
MMR014004,1,3,201226,CHW,14004014,Name 14,Female,TRUE,TRUE,TRUE,TRUE,TRUE,TRUE,TRUE,FALSE,FALSE,TRUE
MMR014004,1,3,201241,CHW,14004015,Name 15,Male,FALSE,FALSE,TRUE,TRUE,TRUE,TRUE,TRUE,FALSE,FALSE,TRUE
MMR014004,1,3,201296,CHW,14004016,Name 16,Male,FALSE,FALSE,TRUE,TRUE,TRUE,FALSE,TRUE,FALSE,FALSE,TRUE
MMR014004,1,3,201297,AMW,14004017,Name 17,Female,TRUE,TRUE,TRUE,TRUE,TRUE,TRUE,FALSE,TRUE,FALSE,TRUE
MMR014004,1,4,201203,AMW,14004018,Name 18,Female,TRUE,TRUE,TRUE,TRUE,TRUE,TRUE,FALSE,TRUE,FALSE,TRUE
MMR014004,1,4,201203,CHW,14004019,Name 19,Female,TRUE,FALSE,FALSE,FALSE,FALSE,FALSE,FALSE,FALSE,FALSE,TRUE
MMR014004,1,4,201205,CHW,14004020,Name 20,Female,TRUE,TRUE,TRUE,TRUE,TRUE,TRUE,TRUE,FALSE,FALSE,TRUE
MMR014004,1,4,201208,AMW,14004021,Name 21,Female,TRUE,TRUE,FALSE,FALSE,FALSE,FALSE,FALSE,TRUE,FALSE,TRUE
MMR014004,1,4,201208,AMW,14004022,Name 22,Female,FALSE,FALSE,TRUE,TRUE,TRUE,TRUE,FALSE,TRUE,FALSE,TRUE
MMR014004,1,4,201208,CHW,14004023,Name 23,Male,FALSE,FALSE,TRUE,TRUE,TRUE,TRUE,TRUE,FALSE,FALSE,TRUE
MMR014004,1,4,201215,CHW,14004024,Name 24,Male,FALSE,FALSE,FALSE,FALSE,FALSE,FALSE,TRUE,FALSE,FALSE,TRUE
MMR014004,1,4,201216,AMW,14004025,Name 25,Female,FALSE,FALSE,TRUE,TRUE,TRUE,TRUE,FALSE,TRUE,FALSE,TRUE
MMR014004,1,4,201216,CHW,14004026,Name 26,Male,FALSE,FALSE,TRUE,TRUE,TRUE,TRUE,TRUE,FALSE,FALSE,TRUE
MMR014004,1,4,201219,AMW,14004027,Name 27,Female,FALSE,FALSE,TRUE,TRUE,TRUE,TRUE,FALSE,TRUE,FALSE,TRUE
MMR014004,1,4,600016,AMW,14004028,Name 28,Female,FALSE,FALSE,FALSE,FALSE,FALSE,FALSE,FALSE,TRUE,FALSE,TRUE
MMR014004,1,4,600016,AMW,14004029,Name 29,Female,FALSE,FALSE,TRUE,TRUE,TRUE,TRUE,FALSE,TRUE,FALSE,TRUE
MMR014004,1,5,201230,AMW,14004030,Name 30,Female,FALSE,FALSE,TRUE,TRUE,TRUE,TRUE,FALSE,TRUE,FALSE,TRUE
MMR014004,1,5,201230,AMW,14004031,Name 31,Female,FALSE,FALSE,TRUE,TRUE,TRUE,TRUE,FALSE,TRUE,FALSE,TRUE
MMR014004,1,5,201240,AMW,14004032,Name 32,Female,FALSE,FALSE,TRUE,TRUE,TRUE,TRUE,FALSE,TRUE,FALSE,TRUE
MMR014004,1,5,201240,CHW,14004033,Name 33,Male,FALSE,FALSE,TRUE,TRUE,TRUE,TRUE,TRUE,FALSE,FALSE,TRUE
MMR014004,1,5,600018,CHW,14004034,Name 34,Male,FALSE,FALSE,TRUE,TRUE,TRUE,FALSE,TRUE,FALSE,FALSE,TRUE
MMR014004,1,5,600019,CHW,14004035,Name 35,Male,TRUE,TRUE,FALSE,FALSE,FALSE,FALSE,TRUE,FALSE,FALSE,TRUE
MMR014004,1,5,600020,AMW,14004036,Name 36,Female,FALSE,FALSE,FALSE,FALSE,FALSE,FALSE,FALSE,TRUE,FALSE,TRUE
MMR014004,1,5,600020,CHW,14004037,Name 37,Male,FALSE,FALSE,FALSE,FALSE,FALSE,FALSE,TRUE,FALSE,FALSE,TRUE
MMR014004,1,5,600021,CHW,14004038,Name 38,Male,FALSE,FALSE,FALSE,FALSE,FALSE,FALSE,TRUE,FALSE,FALSE,TRUE
MMR014004,1,5,600022,CHW,14004039,Name 39,Male,TRUE,TRUE,FALSE,FALSE,FALSE,FALSE,TRUE,FALSE,FALSE,TRUE
MMR014004,1,5,600023,AMW,14004040,Name 40,Female,FALSE,FALSE,TRUE,TRUE,TRUE,TRUE,FALSE,TRUE,FALSE,TRUE
MMR014004,1,5,600024,AMW,14004041,Name 41,Female,FALSE,FALSE,TRUE,TRUE,TRUE,TRUE,FALSE,TRUE,FALSE,TRUE
MMR014004,1,5,600025,AMW,14004042,Name 42,Female,TRUE,TRUE,TRUE,TRUE,TRUE,FALSE,FALSE,TRUE,FALSE,TRUE
MMR014004,1,5,600025,AMW,14004178,Name 43,Female,FALSE,FALSE,TRUE,TRUE,TRUE,TRUE,FALSE,TRUE,FALSE,TRUE
MMR014004,1,5,600025,AMW,14004179,Name 44,Female,FALSE,FALSE,TRUE,TRUE,TRUE,TRUE,FALSE,TRUE,FALSE,TRUE
MMR014004,1,6,201209,CHW,14004046,Name 45,Male,FALSE,FALSE,FALSE,FALSE,FALSE,FALSE,TRUE,FALSE,FALSE,TRUE
MMR014004,1,6,201213,AMW,14004043,Name 46,Female,FALSE,FALSE,TRUE,TRUE,TRUE,TRUE,FALSE,TRUE,FALSE,TRUE
MMR014004,1,6,201221,AMW,14004047,Name 47,Female,FALSE,FALSE,TRUE,TRUE,TRUE,TRUE,FALSE,TRUE,FALSE,TRUE
MMR014004,1,6,201394,AMW,14004048,Name 48,Female,TRUE,TRUE,TRUE,TRUE,TRUE,FALSE,FALSE,TRUE,FALSE,TRUE
MMR014004,1,6,201394,CHW,14004049,Name 49,Male,FALSE,FALSE,FALSE,FALSE,FALSE,FALSE,TRUE,FALSE,FALSE,TRUE
MMR014004,1,6,600026,AMW,14004044,Name 50,Female,FALSE,FALSE,FALSE,FALSE,FALSE,TRUE,FALSE,TRUE,FALSE,TRUE
MMR014004,1,6,600026,AMW,14004045,Name 51,Female,FALSE,FALSE,FALSE,FALSE,FALSE,FALSE,FALSE,TRUE,FALSE,TRUE
MMR014004,1,6,600027,AMW,14004050,Name 52,Female,FALSE,FALSE,TRUE,TRUE,TRUE,TRUE,FALSE,TRUE,FALSE,TRUE
MMR014004,1,6,600027,AMW,14004180,Name 53,Female,FALSE,FALSE,TRUE,TRUE,TRUE,TRUE,FALSE,TRUE,FALSE,TRUE
MMR014004,1,6,600027,CHW,14004181,Name 54,Male,TRUE,TRUE,TRUE,TRUE,TRUE,TRUE,TRUE,FALSE,FALSE,TRUE
MMR014004,2,1,201442,AMW,14004054,Name 55,Female,FALSE,FALSE,TRUE,TRUE,TRUE,FALSE,FALSE,TRUE,FALSE,TRUE
MMR014004,2,1,201446,AMW,14004055,Name 56,Female,FALSE,FALSE,FALSE,FALSE,FALSE,FALSE,FALSE,TRUE,FALSE,TRUE
MMR014004,2,1,201446,AMW,14004182,Name 57,Female,FALSE,FALSE,FALSE,FALSE,FALSE,FALSE,FALSE,TRUE,FALSE,TRUE
MMR014004,2,1,600033,CHW,14004051,Name 58,Male,FALSE,FALSE,TRUE,TRUE,TRUE,TRUE,TRUE,FALSE,FALSE,TRUE
MMR014004,2,1,600035,AMW,14004052,Name 59,Female,FALSE,FALSE,TRUE,TRUE,TRUE,TRUE,FALSE,TRUE,FALSE,TRUE
MMR014004,2,1,600035,CHW,14004053,Name 60,Male,TRUE,TRUE,TRUE,TRUE,TRUE,TRUE,TRUE,FALSE,FALSE,TRUE
MMR014004,2,2,201256,AMW,14004056,Name 61,Female,TRUE,TRUE,TRUE,TRUE,TRUE,TRUE,FALSE,TRUE,FALSE,TRUE
MMR014004,2,2,201261,AMW,14004057,Name 62,Female,FALSE,FALSE,TRUE,TRUE,TRUE,TRUE,FALSE,TRUE,FALSE,TRUE
MMR014004,2,2,201261,CHW,14004058,Name 63,Male,FALSE,FALSE,FALSE,FALSE,FALSE,FALSE,TRUE,FALSE,FALSE,TRUE
MMR014004,2,2,201277,CHW,14004059,Name 64,Male,TRUE,TRUE,TRUE,TRUE,TRUE,TRUE,TRUE,FALSE,FALSE,TRUE
MMR014004,2,2,600038,CHW,14004060,Name 65,Female,FALSE,FALSE,FALSE,FALSE,FALSE,FALSE,TRUE,FALSE,FALSE,TRUE
MMR014004,2,3,201351,AMW,14004061,Name 66,Female,FALSE,FALSE,FALSE,FALSE,FALSE,TRUE,FALSE,TRUE,FALSE,TRUE
MMR014004,2,3,600039,CHW,14004062,Name 67,Female,FALSE,FALSE,FALSE,FALSE,FALSE,FALSE,TRUE,FALSE,FALSE,TRUE
MMR014004,2,3,600040,CHW,14004063,Name 68,Female,FALSE,FALSE,FALSE,FALSE,FALSE,FALSE,TRUE,FALSE,FALSE,TRUE
MMR014004,2,4,201344,AMW,14004065,Name 69,Female,FALSE,FALSE,TRUE,TRUE,TRUE,TRUE,FALSE,TRUE,FALSE,TRUE
MMR014004,2,4,201350,CHW,14004064,Name 70,Male,FALSE,FALSE,TRUE,TRUE,TRUE,TRUE,TRUE,FALSE,FALSE,TRUE
MMR014004,2,4,600043,AMW,14004066,Name 71,Female,TRUE,TRUE,FALSE,FALSE,FALSE,FALSE,FALSE,TRUE,FALSE,TRUE
MMR014004,2,4,600043,CHW,14004067,Name 72,Male,FALSE,FALSE,FALSE,FALSE,FALSE,FALSE,TRUE,FALSE,FALSE,TRUE
MMR014004,2,4,600044,AMW,14004068,Name 73,Female,TRUE,TRUE,FALSE,FALSE,FALSE,FALSE,FALSE,TRUE,FALSE,TRUE
MMR014004,2,4,600044,AMW,14004069,Name 74,Female,FALSE,FALSE,TRUE,TRUE,TRUE,TRUE,FALSE,TRUE,FALSE,TRUE
MMR014004,2,4,600044,CHW,14004070,Name 75,Male,TRUE,TRUE,TRUE,TRUE,TRUE,TRUE,TRUE,FALSE,FALSE,TRUE
MMR014004,2,5,201327,AMW,14004071,Name 76,Female,TRUE,TRUE,TRUE,TRUE,TRUE,TRUE,FALSE,TRUE,FALSE,TRUE
MMR014004,2,5,201327,CHW,14004072,Name 77,Male,TRUE,TRUE,TRUE,TRUE,TRUE,TRUE,TRUE,FALSE,FALSE,TRUE
MMR014004,2,5,201340,AMW,14004073,Name 78,Female,FALSE,FALSE,TRUE,TRUE,TRUE,TRUE,FALSE,TRUE,FALSE,TRUE
MMR014004,2,5,201341,AMW,14004074,Name 79,Female,FALSE,FALSE,FALSE,FALSE,FALSE,FALSE,FALSE,TRUE,FALSE,TRUE
MMR014004,2,5,201341,CHW,14004075,Name 80,Male,TRUE,TRUE,TRUE,TRUE,TRUE,TRUE,TRUE,FALSE,FALSE,TRUE
MMR014004,2,5,600052,CHW,14004076,Name 81,Male,FALSE,FALSE,FALSE,FALSE,FALSE,FALSE,TRUE,FALSE,FALSE,TRUE
MMR014004,2,5,600053,CHW,14004077,Name 82,Female,FALSE,FALSE,TRUE,TRUE,TRUE,TRUE,TRUE,FALSE,FALSE,TRUE
MMR014004,2,5,600054,AMW,14004078,Name 83,Female,FALSE,FALSE,TRUE,TRUE,TRUE,TRUE,FALSE,TRUE,FALSE,TRUE
MMR014004,2,5,600054,CHW,14004079,Name 84,Female,FALSE,FALSE,TRUE,TRUE,TRUE,FALSE,TRUE,FALSE,FALSE,TRUE
MMR014004,2,5,600055,AMW,14004080,Name 85,Female,FALSE,FALSE,TRUE,TRUE,TRUE,FALSE,FALSE,TRUE,FALSE,TRUE
MMR014004,2,5,600055,CHW,14004081,Name 86,Male,FALSE,FALSE,TRUE,TRUE,TRUE,TRUE,TRUE,FALSE,FALSE,TRUE
MMR014004,2,6,201438,AMW,14004082,Name 87,Female,TRUE,TRUE,TRUE,TRUE,TRUE,TRUE,FALSE,TRUE,FALSE,TRUE
MMR014004,2,6,201438,CHW,14004083,Name 88,Male,FALSE,FALSE,FALSE,FALSE,FALSE,FALSE,TRUE,FALSE,FALSE,TRUE
MMR014004,3,2,600061,AMW,14004084,Name 89,Female,TRUE,TRUE,TRUE,TRUE,TRUE,TRUE,FALSE,TRUE,FALSE,TRUE
MMR014004,3,2,600062,CHW,14004085,Name 90,Male,FALSE,FALSE,TRUE,TRUE,TRUE,TRUE,TRUE,FALSE,FALSE,TRUE
MMR014004,3,3,201265,CHW,14004086,Name 91,Female,TRUE,TRUE,TRUE,TRUE,TRUE,FALSE,TRUE,FALSE,FALSE,TRUE
MMR014004,3,3,201267,CHW,14004087,Name 92,Female,FALSE,FALSE,FALSE,FALSE,FALSE,FALSE,TRUE,FALSE,FALSE,TRUE
MMR014004,3,3,201275,AMW,14004088,Name 93,Female,FALSE,FALSE,FALSE,FALSE,FALSE,FALSE,FALSE,TRUE,FALSE,TRUE
MMR014004,3,4,201445,AMW,14004090,Name 94,Female,FALSE,FALSE,FALSE,FALSE,FALSE,FALSE,FALSE,TRUE,FALSE,TRUE
MMR014004,3,4,201445,AMW,14004183,Name 95,Female,FALSE,FALSE,FALSE,FALSE,FALSE,FALSE,FALSE,TRUE,FALSE,TRUE
MMR014004,3,4,201445,CHW,14004184,Name 96,Female,FALSE,FALSE,TRUE,TRUE,TRUE,TRUE,TRUE,FALSE,FALSE,TRUE
MMR014004,3,4,600066,AMW,14004089,Name 97,Female,FALSE,FALSE,FALSE,FALSE,FALSE,FALSE,FALSE,TRUE,FALSE,TRUE
MMR014004,3,5,201361,CHW,14004092,Name 98,Male,FALSE,FALSE,FALSE,FALSE,FALSE,FALSE,TRUE,FALSE,FALSE,TRUE
MMR014004,3,5,201363,CHW,14004093,Name 99,Female,FALSE,FALSE,TRUE,TRUE,TRUE,FALSE,TRUE,FALSE,FALSE,TRUE
MMR014004,3,5,201365,AMW,14004094,Name 100,Female,FALSE,FALSE,TRUE,TRUE,TRUE,TRUE,FALSE,TRUE,FALSE,TRUE
MMR014004,3,5,201366,AMW,14004095,Name 101,Female,FALSE,FALSE,TRUE,TRUE,TRUE,TRUE,FALSE,TRUE,FALSE,TRUE
MMR014004,3,5,201367,AMW,14004096,Name 102,Female,FALSE,FALSE,TRUE,TRUE,TRUE,TRUE,FALSE,TRUE,FALSE,TRUE
MMR014004,3,5,201372,CHW,14004091,Name 103,Female,FALSE,FALSE,FALSE,FALSE,FALSE,FALSE,TRUE,FALSE,FALSE,TRUE
MMR014004,3,5,201373,AMW,14004097,Name 104,Female,FALSE,FALSE,FALSE,FALSE,FALSE,FALSE,FALSE,TRUE,FALSE,TRUE
MMR014004,3,5,201373,CHW,14004098,Name 105,Male,FALSE,FALSE,TRUE,TRUE,TRUE,TRUE,TRUE,FALSE,FALSE,TRUE
MMR014004,3,5,600067,AMW,14004099,Name 106,Female,FALSE,FALSE,TRUE,TRUE,TRUE,TRUE,FALSE,TRUE,FALSE,TRUE
MMR014004,3,5,600070,CHW,14004100,Name 107,Female,FALSE,FALSE,FALSE,FALSE,FALSE,FALSE,TRUE,FALSE,FALSE,TRUE
MMR014004,4,1,201392,AMW,14004101,Name 108,Female,TRUE,TRUE,FALSE,FALSE,FALSE,FALSE,FALSE,TRUE,FALSE,TRUE
MMR014004,4,1,201410,AMW,14004102,Name 109,Female,FALSE,FALSE,TRUE,TRUE,TRUE,TRUE,FALSE,TRUE,FALSE,TRUE
MMR014004,4,1,201410,CHW,14004103,Name 110,Male,TRUE,TRUE,FALSE,FALSE,FALSE,FALSE,TRUE,FALSE,FALSE,TRUE
MMR014004,4,1,201411,AMW,14004104,Name 111,Female,FALSE,FALSE,TRUE,TRUE,TRUE,FALSE,FALSE,TRUE,FALSE,TRUE
MMR014004,4,1,201411,CHW,14004185,Name 112,Male,FALSE,FALSE,TRUE,TRUE,TRUE,FALSE,TRUE,FALSE,FALSE,TRUE
MMR014004,4,2,201393,AMW,14004112,Name 113,Female,FALSE,FALSE,TRUE,TRUE,TRUE,TRUE,FALSE,TRUE,FALSE,TRUE
MMR014004,4,2,201393,CHW,14004113,Name 114,Male,FALSE,FALSE,TRUE,TRUE,TRUE,TRUE,TRUE,FALSE,FALSE,TRUE
MMR014004,4,2,201399,AMW,14004114,Name 115,Female,TRUE,TRUE,TRUE,TRUE,TRUE,TRUE,FALSE,TRUE,FALSE,TRUE
MMR014004,4,2,201416,AMW,14004115,Name 116,Female,FALSE,FALSE,FALSE,FALSE,FALSE,FALSE,FALSE,TRUE,FALSE,TRUE
MMR014004,4,2,201416,CHW,14004186,Name 117,Male,TRUE,TRUE,TRUE,TRUE,TRUE,TRUE,TRUE,FALSE,FALSE,TRUE
MMR014004,4,2,600071,AMW,14004105,Name 118,Female,FALSE,FALSE,TRUE,TRUE,TRUE,TRUE,FALSE,TRUE,FALSE,TRUE
MMR014004,4,2,600071,CHW,14004106,Name 119,Male,FALSE,FALSE,FALSE,FALSE,FALSE,FALSE,TRUE,FALSE,FALSE,TRUE
MMR014004,4,2,600072,AMW,14004107,Name 120,Female,TRUE,TRUE,FALSE,FALSE,FALSE,FALSE,FALSE,TRUE,FALSE,TRUE
MMR014004,4,2,600073,AMW,14004108,Name 121,Female,FALSE,FALSE,TRUE,TRUE,TRUE,TRUE,FALSE,TRUE,FALSE,TRUE
MMR014004,4,2,600073,CHW,14004109,Name 122,Male,FALSE,FALSE,FALSE,FALSE,FALSE,FALSE,TRUE,FALSE,FALSE,TRUE
MMR014004,4,2,600074,AMW,14004110,Name 123,Female,FALSE,FALSE,TRUE,TRUE,TRUE,TRUE,FALSE,TRUE,FALSE,TRUE
MMR014004,4,2,600074,CHW,14004111,Name 124,Male,FALSE,FALSE,TRUE,TRUE,TRUE,TRUE,TRUE,FALSE,FALSE,TRUE
MMR014004,4,3,600082,AMW,14004116,Name 125,Female,FALSE,FALSE,TRUE,TRUE,TRUE,TRUE,FALSE,TRUE,FALSE,TRUE
MMR014004,4,4,201306,AMW,14004121,Name 126,Female,FALSE,FALSE,TRUE,TRUE,TRUE,TRUE,FALSE,TRUE,FALSE,TRUE
MMR014004,4,4,201307,CHW,14004119,Name 127,Male,FALSE,FALSE,FALSE,FALSE,FALSE,FALSE,TRUE,FALSE,FALSE,TRUE
MMR014004,4,4,201309,CHW,14004118,Name 128,Male,FALSE,FALSE,TRUE,TRUE,TRUE,TRUE,TRUE,FALSE,FALSE,TRUE
MMR014004,4,4,600083,CHW,14004117,Name 129,Male,TRUE,TRUE,TRUE,TRUE,TRUE,TRUE,TRUE,FALSE,FALSE,TRUE
MMR014004,4,4,600088,AMW,14004120,Name 130,Female,TRUE,TRUE,FALSE,FALSE,FALSE,FALSE,FALSE,TRUE,FALSE,TRUE
MMR014004,5,1,201181,AMW,14004123,Name 131,Female,FALSE,FALSE,FALSE,FALSE,FALSE,FALSE,FALSE,TRUE,FALSE,TRUE
MMR014004,5,1,600092,CHW,14004122,Name 132,Male,TRUE,TRUE,FALSE,FALSE,FALSE,FALSE,TRUE,FALSE,FALSE,TRUE
MMR014004,5,1,600094,CHW,14004124,Name 133,Male,TRUE,TRUE,TRUE,TRUE,TRUE,TRUE,TRUE,FALSE,FALSE,TRUE
MMR014004,5,1,600096,AMW,14004125,Name 134,Female,TRUE,TRUE,TRUE,TRUE,TRUE,TRUE,FALSE,TRUE,FALSE,TRUE
MMR014004,5,2,600098,CHW,14004126,Name 135,Male,TRUE,TRUE,FALSE,FALSE,FALSE,FALSE,TRUE,FALSE,FALSE,TRUE
MMR014004,5,2,600098,CHW,14004127,Name 136,Male,TRUE,TRUE,FALSE,FALSE,FALSE,FALSE,TRUE,FALSE,FALSE,TRUE
MMR014004,5,2,600099,CHW,14004128,Name 137,Male,FALSE,FALSE,TRUE,TRUE,TRUE,TRUE,TRUE,FALSE,FALSE,TRUE
MMR014004,5,2,600101,AMW,14004129,Name 138,Female,FALSE,FALSE,FALSE,FALSE,FALSE,FALSE,FALSE,TRUE,FALSE,TRUE
MMR014004,5,2,600101,CHW,14004130,Name 139,Male,FALSE,FALSE,FALSE,FALSE,FALSE,FALSE,TRUE,FALSE,FALSE,TRUE
MMR014004,5,2,600102,AMW,14004131,Name 140,Female,TRUE,TRUE,TRUE,TRUE,TRUE,TRUE,FALSE,TRUE,FALSE,TRUE
MMR014004,5,3,201178,AMW,14004132,Name 141,Female,TRUE,TRUE,TRUE,TRUE,TRUE,TRUE,FALSE,TRUE,FALSE,TRUE
MMR014004,5,3,201178,CHW,14004133,Name 142,Male,FALSE,FALSE,FALSE,FALSE,FALSE,FALSE,TRUE,FALSE,FALSE,TRUE
MMR014004,5,3,600103,AMW,14004134,Name 143,Female,FALSE,FALSE,TRUE,TRUE,TRUE,TRUE,FALSE,TRUE,FALSE,TRUE
MMR014004,5,3,600103,CHW,14004135,Name 144,Male,TRUE,TRUE,FALSE,FALSE,FALSE,FALSE,TRUE,FALSE,FALSE,TRUE
MMR014004,5,4,201190,AMW,14004136,Name 145,Female,FALSE,FALSE,FALSE,FALSE,FALSE,FALSE,FALSE,TRUE,FALSE,TRUE
MMR014004,5,4,201198,CHW,14004137,Name 146,Male,TRUE,TRUE,TRUE,TRUE,TRUE,TRUE,TRUE,FALSE,FALSE,TRUE
MMR014004,5,4,201200,AMW,14004138,Name 147,Female,TRUE,TRUE,FALSE,FALSE,FALSE,FALSE,FALSE,TRUE,FALSE,TRUE
MMR014004,5,5,201192,AMW,14004139,Name 148,Female,TRUE,TRUE,FALSE,FALSE,FALSE,FALSE,FALSE,TRUE,FALSE,TRUE
MMR014004,5,5,201194,AMW,14004140,Name 149,Female,FALSE,FALSE,FALSE,FALSE,FALSE,FALSE,FALSE,TRUE,FALSE,TRUE
MMR014004,5,5,201194,CHW,14004141,Name 150,Male,TRUE,TRUE,FALSE,FALSE,FALSE,FALSE,TRUE,FALSE,FALSE,TRUE
MMR014004,5,5,600108,CHW,14004142,Name 151,Male,FALSE,FALSE,FALSE,FALSE,FALSE,FALSE,TRUE,FALSE,FALSE,TRUE
MMR014004,6,1,201143,CHW,14004143,Name 152,Male,TRUE,TRUE,TRUE,TRUE,TRUE,FALSE,TRUE,FALSE,FALSE,TRUE
MMR014004,6,1,201154,CHW,14004144,Name 153,Female,TRUE,TRUE,FALSE,FALSE,FALSE,FALSE,TRUE,FALSE,FALSE,TRUE
MMR014004,6,1,201155,AMW,14004145,Name 154,Female,FALSE,FALSE,TRUE,TRUE,TRUE,TRUE,FALSE,TRUE,FALSE,TRUE
MMR014004,6,1,201157,AMW,14004146,Name 155,Female,TRUE,TRUE,FALSE,FALSE,FALSE,FALSE,FALSE,TRUE,FALSE,TRUE
MMR014004,6,1,201157,AMW,14004147,Name 156,Female,FALSE,FALSE,TRUE,TRUE,TRUE,TRUE,FALSE,TRUE,FALSE,TRUE
MMR014004,6,1,201160,AMW,14004148,Name 157,Female,FALSE,FALSE,TRUE,TRUE,TRUE,TRUE,FALSE,TRUE,FALSE,TRUE
MMR014004,6,1,201162,AMW,14004149,Name 158,Female,FALSE,FALSE,TRUE,TRUE,TRUE,TRUE,FALSE,TRUE,FALSE,TRUE
MMR014004,6,1,201162,CHW,14004150,Name 159,Male,TRUE,TRUE,FALSE,FALSE,FALSE,FALSE,TRUE,FALSE,FALSE,TRUE
MMR014004,6,1,201167,CHW,14004151,Name 160,Male,FALSE,FALSE,TRUE,TRUE,TRUE,TRUE,TRUE,FALSE,FALSE,TRUE
MMR014004,6,1,201168,CHW,14004153,Name 161,Female,TRUE,TRUE,TRUE,TRUE,TRUE,TRUE,TRUE,FALSE,FALSE,TRUE
MMR014004,6,1,201169,CHW,14004152,Name 162,Male,FALSE,FALSE,FALSE,FALSE,FALSE,FALSE,TRUE,FALSE,FALSE,TRUE
MMR014004,6,1,201170,AMW,14004154,Name 163,Female,FALSE,FALSE,FALSE,FALSE,FALSE,FALSE,FALSE,TRUE,FALSE,TRUE
MMR014004,6,1,201170,AMW,14004155,Name 164,Female,FALSE,FALSE,TRUE,TRUE,TRUE,TRUE,FALSE,TRUE,FALSE,TRUE
MMR014004,6,1,201173,AMW,14004156,Name 165,Female,TRUE,TRUE,TRUE,TRUE,TRUE,TRUE,FALSE,TRUE,FALSE,TRUE
MMR014004,6,1,201173,AMW,14004187,Name 166,Female,FALSE,FALSE,FALSE,FALSE,FALSE,FALSE,FALSE,TRUE,FALSE,TRUE
MMR014004,6,2,600109,AMW,14004157,Name 167,Female,TRUE,TRUE,TRUE,TRUE,TRUE,TRUE,FALSE,TRUE,FALSE,TRUE
MMR014004,6,2,600111,CHW,14004158,Name 168,Male,TRUE,TRUE,TRUE,TRUE,TRUE,FALSE,TRUE,FALSE,FALSE,TRUE
MMR014004,6,2,600112,CHW,14004159,Name 169,Female,FALSE,FALSE,FALSE,FALSE,FALSE,FALSE,TRUE,FALSE,FALSE,TRUE
MMR014004,6,2,600113,AMW,14004160,Name 170,Female,TRUE,TRUE,FALSE,FALSE,FALSE,FALSE,FALSE,TRUE,FALSE,TRUE
MMR014004,6,2,600114,AMW,14004161,Name 171,Female,FALSE,FALSE,TRUE,TRUE,TRUE,TRUE,FALSE,TRUE,FALSE,TRUE
MMR014004,6,3,201131,AMW,14004162,Name 172,Female,FALSE,FALSE,FALSE,FALSE,FALSE,FALSE,FALSE,TRUE,FALSE,TRUE
MMR014004,6,3,201133,AMW,14004163,Name 173,Female,TRUE,TRUE,FALSE,FALSE,FALSE,FALSE,FALSE,TRUE,FALSE,TRUE
MMR014004,6,3,201146,AMW,14004164,Name 174,Female,FALSE,FALSE,TRUE,TRUE,TRUE,TRUE,FALSE,TRUE,FALSE,TRUE
MMR014004,6,3,600119,CHW,14004165,Name 175,Male,FALSE,FALSE,TRUE,TRUE,TRUE,TRUE,TRUE,FALSE,FALSE,TRUE
MMR014004,6,4,201132,AMW,14004166,Name 176,Female,TRUE,TRUE,FALSE,FALSE,FALSE,FALSE,FALSE,TRUE,FALSE,TRUE
MMR014004,6,4,201132,AMW,14004167,Name 177,Female,FALSE,FALSE,TRUE,TRUE,TRUE,TRUE,FALSE,TRUE,FALSE,TRUE
MMR014004,6,4,201159,AMW,14004168,Name 178,Female,TRUE,TRUE,TRUE,TRUE,TRUE,TRUE,FALSE,TRUE,FALSE,TRUE
MMR014004,6,4,201163,AMW,14004169,Name 179,Female,FALSE,FALSE,TRUE,TRUE,TRUE,TRUE,FALSE,TRUE,FALSE,TRUE
MMR014004,6,4,600122,AMW,14004170,Name 180,Female,FALSE,FALSE,TRUE,TRUE,TRUE,TRUE,FALSE,TRUE,FALSE,TRUE
MMR014004,6,4,600122,CHW,14004171,Name 181,Male,TRUE,TRUE,TRUE,TRUE,TRUE,TRUE,TRUE,FALSE,FALSE,TRUE
MMR014004,7,1,600127,CHW,14004172,Name 182,Male,FALSE,FALSE,TRUE,TRUE,TRUE,TRUE,TRUE,FALSE,FALSE,TRUE
MMR014004,7,2,600133,CHW,14004173,Name 183,Male,FALSE,FALSE,FALSE,FALSE,FALSE,FALSE,TRUE,FALSE,FALSE,TRUE
MMR014004,8,1,201129,AMW,14004175,Name 184,Female,TRUE,TRUE,TRUE,TRUE,TRUE,TRUE,FALSE,TRUE,FALSE,TRUE
MMR014004,8,1,701505,AMW,14004174,Name 185,Female,FALSE,FALSE,TRUE,TRUE,TRUE,FALSE,FALSE,TRUE,FALSE,TRUE
MMR014004,9,1,201279,AMW,14004177,Name 186,Female,TRUE,TRUE,FALSE,FALSE,FALSE,FALSE,FALSE,TRUE,FALSE,TRUE
MMR014004,9,1,600138,AMW,14004176,Name 187,Female,FALSE,FALSE,FALSE,FALSE,FALSE,FALSE,FALSE,TRUE,FALSE,TRUE
